template,name,id,ticker,currency,isin,fiscal_period,fiscal_year,report_date,publish_date,restated,source,ttm,value_check,data_model,cash_cash_equivalents_short_term_investments,cash_cash_equivalents,short_term_investments,accounts_notes_receivable,accounts_receivable_net,notes_receivable_net,unbilled_revenues,inventories,raw_materials,work_in_process,finished_goods,other_inventory,other_short_term_assets,prepaid_expenses,derivative_hedging_assets_short_term,assets_held_for_sale,deferred_tax_assets_short_term,income_taxes_receivable,discontinued_operations_short_term,miscellaneous_short_term_assets,total_current_assets,property_plant_equipment_net,property_plant_equipment,accumulated_depreciation,long_term_investments_receivables,long_term_investments,long_term_marketable_securities,long_term_receivables,other_long_term_assets,intangible_assets,goodwill,other_intangible_assets,prepaid_expense,deferred_tax_assets_long_term,derivative_hedging_assets_long_term,prepaid_pension_costs,discontinued_operations_long_term,investments_in_affiliates,miscellaneous_long_term_assets,total_noncurrent_assets,total_assets,payables_accruals,accounts_payable,accrued_taxes,interest_dividends_payable,other_payables_accruals,short_term_debt,short_term_borrowings,short_term_capital_leases,current_portion_of_long_term_debt,other_short_term_liabilities,deferred_revenue_short_term,liabilities_from_derivatives_hedging_short_term,deferred_tax_liabilities_short_term,liabilities_from_discontinued_operations_short_term,miscellaneous_short_term_liabilities,total_current_liabilities,long_term_debt,long_term_borrowings,long_term_capital_leases,other_long_term_liabilities,accrued_liabilities,pension_liabilities,pensions,other_post_retirement_benefits,deferred_compensation,deferred_revenue_long_term,deferred_tax_liabilities_long_term,liabilities_from_derivatives_hedging_long_term,liabilities_from_discontinued_operations_long_term,miscellaneous_long_term_liabilities,total_noncurrent_liabilities,total_liabilities,preferred_equity,share_capital_additional_paid_in_capital,common_stock,additional_paid_in_capital,other_share_capital,treasury_stock,retained_earnings,other_equity,equity_before_minority_interest,minority_interest,total_equity,total_liabilities_equity
GENERAL,Tesla,56317,TSLA,USD,US88160R1014,Q3,2025,2025-09-30,2025-10-23,TRUE,https://www.sec.gov/Archives/edgar/data/1318605/000162828025045968/0001628280-25-045968-index.htm,FALSE,TRUE,0,41647000000,18289000000,23358000000,4703000000,4703000000,NA,NA,12276000000,NA,NA,NA,NA,6027000000,6027000000,NA,NA,NA,NA,NA,NA,64653000000,39407000000,NA,NA,NA,NA,NA,NA,29675000000,131000000,257000000,NA,NA,6637000000,NA,NA,NA,NA,22650000000,69082000000,133735000000,25610000000,12819000000,NA,NA,12791000000,1924000000,NA,NA,NA,3756000000,3756000000,NA,NA,NA,NA,31290000000,5778000000,NA,NA,15951000000,NA,NA,NA,NA,NA,3746000000,NA,NA,NA,12205000000,21729000000,53019000000,NA,41600000000,NA,NA,NA,NA,38163000000,207000000,79970000000,746000000,80716000000,133735000000
GENERAL,Tesla,56317,TSLA,USD,US88160R1014,Q2,2025,2025-06-30,2025-07-24,TRUE,https://www.sec.gov/Archives/edgar/data/1318605/000162828025035806/0001628280-25-035806-index.htm,FALSE,TRUE,0,36782000000,15587000000,21195000000,3838000000,3838000000,NA,NA,14570000000,NA,NA,NA,NA,5943000000,5943000000,NA,NA,NA,NA,NA,NA,61133000000,38574000000,NA,NA,NA,NA,NA,NA,28860000000,138000000,258000000,NA,NA,6721000000,NA,NA,NA,NA,21743000000,67434000000,128567000000,24731000000,13212000000,NA,NA,11519000000,2040000000,NA,NA,NA,3237000000,3237000000,NA,NA,NA,NA,30008000000,5180000000,NA,NA,15307000000,NA,NA,NA,NA,NA,3764000000,NA,NA,NA,11543000000,20487000000,50495000000,NA,40366000000,NA,NA,NA,NA,36790000000,158000000,77314000000,758000000,78072000000,128567000000
GENERAL,Tesla,56317,TSLA,USD,US88160R1014,Q1,2025,2025-03-31,2025-04-23,TRUE,https://www.sec.gov/Archives/edgar/data/1318605/000162828025018911/0001628280-25-018911-index.htm,FALSE,TRUE,0,36996000000,16352000000,20644000000,3782000000,3782000000,NA,NA,13706000000,NA,NA,NA,NA,4905000000,4905000000,NA,NA,NA,NA,NA,NA,59389000000,37088000000,NA,NA,NA,NA,NA,NA,28634000000,144000000,248000000,NA,NA,6687000000,NA,NA,NA,NA,21555000000,65722000000,125111000000,24273000000,13471000000,NA,NA,10802000000,2237000000,NA,NA,NA,3243000000,3243000000,NA,NA,NA,NA,29753000000,5292000000,NA,NA,14648000000,NA,NA,NA,NA,NA,3610000000,NA,NA,NA,11038000000,19940000000,49693000000,NA,39459000000,NA,NA,NA,NA,35618000000,-424000000,74653000000,765000000,75418000000,125111000000
GENERAL,Tesla,56317,TSLA,USD,US88160R1014,Q4,2024,2024-12-31,2025-01-30,TRUE,https://www.sec.gov/Archives/edgar/data/1318605/000162828025045968/0001628280-25-045968-index.htm,FALSE,TRUE,0,36563000000,16139000000,20424000000,4418000000,4418000000,NA,NA,12017000000,NA,NA,NA,NA,5362000000,5362000000,NA,NA,NA,NA,NA,NA,58360000000,35836000000,NA,NA,NA,NA,NA,NA,27874000000,150000000,244000000,NA,NA,6524000000,NA,NA,NA,NA,20956000000,63710000000,122070000000,23197000000,12474000000,NA,NA,10723000000,2456000000,NA,NA,NA,3168000000,3168000000,NA,NA,NA,NA,28821000000,5757000000,NA,NA,13812000000,NA,NA,NA,NA,NA,3317000000,NA,NA,NA,10495000000,19569000000,48390000000,NA,38374000000,NA,NA,NA,NA,35209000000,-670000000,72913000000,767000000,73680000000,122070000000
GENERAL,Tesla,56317,TSLA,USD,US88160R1014,Q3,2024,2024-09-30,2024-10-24,TRUE,https://www.sec.gov/Archives/edgar/data/1318605/000162828024043486/0001628280-24-043486-index.htm,FALSE,TRUE,0,33648000000,18111000000,15537000000,3313000000,3313000000,NA,NA,14530000000,NA,NA,NA,NA,4888000000,4888000000,NA,NA,NA,NA,NA,NA,56379000000,36116000000,NA,NA,NA,NA,NA,NA,27357000000,158000000,253000000,NA,NA,6486000000,NA,NA,NA,NA,20460000000,63473000000,119852000000,25255000000,14654000000,NA,NA,10601000000,2291000000,NA,NA,NA,3031000000,3031000000,NA,NA,NA,NA,30577000000,5405000000,NA,NA,13160000000,NA,NA,NA,NA,NA,3350000000,NA,NA,NA,9810000000,18565000000,49142000000,NA,37289000000,NA,NA,NA,NA,32656000000,-14000000,69931000000,779000000,70710000000,119852000000
GENERAL,Tesla,56317,TSLA,USD,US88160R1014,Q2,2024,2024-06-30,2024-07-24,TRUE,https://www.sec.gov/Archives/edgar/data/1318605/000162828024032662/0001628280-24-032662-index.htm,FALSE,TRUE,0,30720000000,14635000000,16085000000,3737000000,3737000000,NA,NA,14195000000,NA,NA,NA,NA,4325000000,4325000000,NA,NA,NA,NA,NA,NA,52977000000,32902000000,NA,NA,NA,NA,NA,NA,26953000000,164000000,249000000,NA,NA,6692000000,NA,NA,NA,NA,19848000000,59855000000,112832000000,22672000000,13056000000,NA,NA,9616000000,2264000000,NA,NA,NA,2793000000,2793000000,NA,NA,NA,NA,27729000000,5481000000,NA,NA,12359000000,NA,NA,NA,NA,NA,3357000000,NA,NA,NA,9002000000,17840000000,45569000000,NA,36446000000,NA,NA,NA,NA,30489000000,-467000000,66468000000,795000000,67263000000,112832000000
GENERAL,Tesla,56317,TSLA,USD,US88160R1014,Q1,2024,2024-03-31,2024-04-24,TRUE,https://www.sec.gov/Archives/edgar/data/1318605/000162828024017503/0001628280-24-017503-index.htm,FALSE,TRUE,0,26863000000,11805000000,15058000000,3887000000,3887000000,NA,NA,16033000000,NA,NA,NA,NA,3752000000,3752000000,NA,NA,NA,NA,NA,NA,50535000000,31436000000,NA,NA,NA,NA,NA,NA,27255000000,171000000,250000000,NA,NA,6769000000,NA,NA,NA,NA,20065000000,58691000000,109226000000,23968000000,14725000000,NA,NA,9243000000,2461000000,NA,NA,NA,3024000000,3024000000,NA,NA,NA,NA,29453000000,2899000000,NA,NA,11694000000,NA,NA,NA,NA,NA,3214000000,NA,NA,NA,8480000000,14593000000,44046000000,NA,35766000000,NA,NA,NA,NA,29011000000,-399000000,64378000000,802000000,65180000000,109226000000
GENERAL,Tesla,56317,TSLA,USD,US88160R1014,Q4,2023,2023-12-31,2024-01-29,TRUE,https://www.sec.gov/Archives/edgar/data/1318605/000162828025003063/0001628280-25-003063-index.htm,FALSE,TRUE,0,29094000000,16398000000,12696000000,3508000000,3508000000,NA,NA,13626000000,NA,NA,NA,NA,3388000000,3388000000,NA,NA,NA,NA,NA,NA,49616000000,29725000000,NA,NA,NA,NA,NA,NA,27277000000,178000000,253000000,NA,NA,6733000000,NA,NA,NA,NA,20113000000,57002000000,106618000000,23511000000,14431000000,NA,NA,9080000000,2373000000,NA,NA,NA,2864000000,2864000000,NA,NA,NA,NA,28748000000,2857000000,NA,NA,11404000000,NA,NA,NA,NA,NA,3251000000,NA,NA,NA,8153000000,14261000000,43009000000,NA,34895000000,NA,NA,NA,NA,27882000000,-143000000,62634000000,975000000,63609000000,106618000000
GENERAL,Tesla,56317,TSLA,USD,US88160R1014,Q3,2023,2023-09-30,2023-10-23,TRUE,https://www.sec.gov/Archives/edgar/data/1318605/000162828023034847/0001628280-23-034847-index.htm,FALSE,TRUE,0,26077000000,15932000000,10145000000,2520000000,2520000000,NA,NA,13721000000,NA,NA,NA,NA,2708000000,2708000000,NA,NA,NA,NA,NA,NA,45026000000,27744000000,NA,NA,NA,NA,NA,NA,21171000000,191000000,250000000,NA,NA,NA,NA,NA,NA,NA,20730000000,48915000000,93941000000,21573000000,13937000000,NA,NA,7636000000,1967000000,NA,NA,NA,3100000000,2206000000,NA,NA,NA,894000000,26640000000,2426000000,NA,NA,10380000000,NA,NA,NA,NA,NA,3059000000,NA,NA,NA,7321000000,12806000000,39446000000,NA,34204000000,NA,NA,NA,NA,19954000000,-692000000,53466000000,1029000000,54495000000,93941000000
GENERAL,Tesla,56317,TSLA,USD,US88160R1014,Q2,2023,2023-06-30,2023-07-24,TRUE,https://www.sec.gov/Archives/edgar/data/1318605/000095017023033872/0000950170-23-033872-index.htm,FALSE,TRUE,0,23075000000,15296000000,7779000000,3447000000,3447000000,NA,NA,14356000000,NA,NA,NA,NA,2997000000,2997000000,NA,NA,NA,NA,NA,NA,43875000000,26389000000,NA,NA,NA,NA,NA,NA,20327000000,202000000,263000000,NA,NA,NA,NA,NA,NA,NA,19862000000,46716000000,90591000000,22931000000,15273000000,NA,NA,7658000000,1459000000,NA,NA,NA,3202000000,2176000000,NA,NA,NA,1026000000,27592000000,872000000,NA,NA,9945000000,NA,NA,NA,NA,NA,3021000000,NA,NA,NA,6924000000,10817000000,38409000000,NA,33439000000,NA,NA,NA,NA,18101000000,-410000000,51130000000,1052000000,52182000000,90591000000
GENERAL,Tesla,56317,TSLA,USD,US88160R1014,Q1,2023,2023-03-31,2023-04-24,TRUE,https://www.sec.gov/Archives/edgar/data/1318605/000095017023013890/0000950170-23-013890-index.htm,FALSE,TRUE,0,22402000000,16048000000,6354000000,2993000000,2993000000,NA,NA,14375000000,NA,NA,NA,NA,3227000000,3227000000,NA,NA,NA,NA,NA,NA,42997000000,24969000000,NA,NA,NA,NA,NA,NA,18867000000,204000000,195000000,NA,NA,NA,NA,NA,NA,NA,18468000000,43836000000,86833000000,23225000000,15904000000,NA,NA,7321000000,1404000000,NA,NA,NA,2807000000,1750000000,NA,NA,NA,1057000000,27436000000,1272000000,NA,NA,8890000000,NA,NA,NA,NA,NA,2911000000,NA,NA,NA,5979000000,10162000000,37598000000,NA,32881000000,NA,NA,NA,NA,15398000000,-225000000,48054000000,1181000000,49235000000,86833000000
GENERAL,Tesla,56317,TSLA,USD,US88160R1014,Q4,2022,2022-12-31,2023-01-31,TRUE,https://www.sec.gov/Archives/edgar/data/1318605/000162828024002390/0001628280-24-002390-index.htm,FALSE,TRUE,0,22185000000,16253000000,5932000000,2952000000,2952000000,NA,NA,12839000000,NA,NA,NA,NA,2941000000,2941000000,NA,NA,NA,NA,NA,NA,40917000000,23548000000,NA,NA,NA,NA,NA,NA,17873000000,5250000000,194000000,NA,NA,328000000,NA,NA,NA,NA,12101000000,41421000000,82338000000,23460000000,15255000000,NA,NA,8205000000,1502000000,NA,NA,NA,1747000000,1747000000,NA,NA,NA,NA,26709000000,1597000000,NA,NA,8134000000,NA,NA,NA,NA,NA,2804000000,NA,NA,NA,5330000000,9731000000,36440000000,NA,32180000000,NA,NA,NA,NA,12885000000,-361000000,44704000000,1194000000,45898000000,82338000000
GENERAL,Tesla,56317,TSLA,USD,US88160R1014,Q3,2022,2022-09-30,2022-10-24,TRUE,https://www.sec.gov/Archives/edgar/data/1318605/000095017022019867/0000950170-22-019867-index.htm,FALSE,TRUE,0,21107000000,19532000000,1575000000,2192000000,2192000000,NA,NA,10327000000,NA,NA,NA,NA,2364000000,2364000000,NA,NA,NA,NA,NA,NA,35990000000,21926000000,NA,NA,NA,NA,NA,NA,16510000000,5052000000,191000000,NA,NA,NA,NA,NA,NA,NA,11267000000,38436000000,74426000000,20143000000,13897000000,NA,NA,6246000000,1457000000,NA,NA,NA,3011000000,1928000000,NA,NA,NA,1083000000,24611000000,2096000000,NA,NA,6595000000,NA,NA,NA,NA,NA,2265000000,NA,NA,NA,4330000000,8691000000,33302000000,NA,31595000000,NA,NA,NA,NA,9198000000,-942000000,39851000000,1273000000,41124000000,74426000000
GENERAL,Tesla,56317,TSLA,USD,US88160R1014,Q2,2022,2022-06-30,2022-07-25,TRUE,https://www.sec.gov/Archives/edgar/data/1318605/000095017022012936/0000950170-22-012936-index.htm,FALSE,TRUE,0,18915000000,18324000000,591000000,2081000000,2081000000,NA,NA,8108000000,NA,NA,NA,NA,2118000000,2118000000,NA,NA,NA,NA,NA,NA,31222000000,21093000000,NA,NA,NA,NA,NA,NA,16198000000,241000000,196000000,NA,NA,NA,NA,NA,NA,NA,15761000000,37291000000,68513000000,17249000000,11212000000,NA,NA,6037000000,1532000000,NA,NA,1532000000,3040000000,1858000000,NA,NA,NA,1182000000,21821000000,2898000000,NA,NA,6136000000,NA,NA,NA,NA,NA,2210000000,NA,NA,NA,3926000000,9034000000,30855000000,NA,30945000000,1000000,30944000000,NA,NA,5908000000,-477000000,36376000000,1282000000,37658000000,68513000000
GENERAL,Tesla,56317,TSLA,USD,US88160R1014,Q1,2022,2022-03-31,2022-04-25,TRUE,https://www.sec.gov/Archives/edgar/data/1318605/000095017022006034/0000950170-22-006034-index.htm,FALSE,TRUE,0,18013000000,17505000000,508000000,2311000000,2311000000,NA,NA,6691000000,NA,NA,NA,NA,2035000000,2035000000,NA,NA,NA,NA,NA,NA,29050000000,20027000000,NA,NA,NA,NA,NA,NA,16961000000,254000000,200000000,NA,NA,NA,NA,NA,NA,NA,16507000000,36988000000,66038000000,17077000000,11171000000,NA,NA,5906000000,1659000000,NA,NA,1659000000,2719000000,1594000000,NA,NA,NA,1125000000,21455000000,3153000000,NA,NA,6024000000,NA,NA,NA,NA,NA,2185000000,NA,NA,NA,3839000000,9177000000,30632000000,NA,30486000000,1000000,30485000000,NA,NA,3649000000,-50000000,34085000000,1321000000,35406000000,66038000000
GENERAL,Tesla,56317,TSLA,USD,US88160R1014,Q4,2021,2021-12-31,2022-02-07,TRUE,https://www.sec.gov/Archives/edgar/data/1318605/000095017023001409/0000950170-23-001409-index.htm,FALSE,TRUE,0,17707000000,17576000000,131000000,1913000000,1913000000,NA,NA,5757000000,NA,NA,NA,NA,1723000000,1723000000,NA,NA,NA,NA,NA,NA,27100000000,18884000000,NA,NA,NA,NA,NA,NA,16147000000,257000000,200000000,NA,NA,NA,NA,NA,NA,NA,15690000000,35031000000,62131000000,15744000000,10025000000,NA,NA,5719000000,1589000000,NA,NA,NA,2372000000,1447000000,NA,NA,NA,925000000,19705000000,5245000000,NA,NA,5598000000,NA,NA,NA,NA,NA,2052000000,NA,NA,NA,3546000000,10843000000,30548000000,NA,29806000000,NA,NA,NA,NA,329000000,54000000,30189000000,1394000000,31583000000,62131000000
GENERAL,Tesla,56317,TSLA,USD,US88160R1014,Q3,2021,2021-09-30,2021-10-25,TRUE,https://www.sec.gov/Archives/edgar/data/1318605/000095017021002253/0000950170-21-002253-index.htm,FALSE,TRUE,0,16095000000,16065000000,30000000,1962000000,1962000000,NA,NA,5199000000,NA,NA,NA,NA,1746000000,1746000000,NA,NA,NA,NA,NA,NA,25002000000,17298000000,NA,NA,NA,NA,NA,NA,15534000000,269000000,201000000,NA,NA,NA,NA,NA,NA,NA,15064000000,32832000000,57834000000,13703000000,8260000000,NA,NA,5443000000,1716000000,NA,NA,1716000000,2632000000,1801000000,NA,NA,NA,831000000,18051000000,6438000000,NA,NA,4851000000,NA,NA,NA,NA,NA,1365000000,NA,NA,NA,3486000000,11289000000,29340000000,NA,28923000000,1000000,28922000000,NA,NA,-1990000000,120000000,27053000000,1441000000,28494000000,57834000000
GENERAL,Tesla,56317,TSLA,USD,US88160R1014,Q2,2021,2021-06-30,2021-07-27,TRUE,https://www.sec.gov/Archives/edgar/data/1318605/000095017021000524/0000950170-21-000524-index.htm,FALSE,TRUE,0,16229000000,16229000000,NA,2129000000,2129000000,NA,NA,4733000000,NA,NA,NA,NA,1602000000,1602000000,NA,NA,NA,NA,NA,NA,24693000000,19413000000,NA,NA,NA,NA,NA,NA,11040000000,283000000,203000000,NA,NA,NA,NA,NA,NA,NA,10554000000,30453000000,55146000000,12336000000,7558000000,NA,NA,4778000000,1530000000,NA,NA,1530000000,2505000000,1693000000,NA,NA,NA,812000000,16371000000,7871000000,NA,NA,4654000000,NA,NA,NA,NA,NA,1318000000,NA,NA,NA,3336000000,12525000000,28896000000,NA,28206000000,1000000,28205000000,NA,NA,-3608000000,206000000,24804000000,1446000000,26250000000,55146000000
GENERAL,Tesla,56317,TSLA,USD,US88160R1014,Q1,2021,2021-03-31,2021-04-28,TRUE,https://www.sec.gov/Archives/edgar/data/1318605/000095017021000046/0000950170-21-000046-index.htm,FALSE,TRUE,0,17141000000,17141000000,NA,1890000000,1890000000,NA,NA,4132000000,NA,NA,NA,NA,1542000000,1542000000,NA,NA,NA,NA,NA,NA,24705000000,17264000000,NA,NA,NA,NA,NA,NA,11003000000,299000000,206000000,NA,NA,NA,NA,NA,NA,NA,10498000000,28267000000,52972000000,10721000000,6648000000,NA,NA,4073000000,1819000000,NA,NA,1819000000,2337000000,1592000000,NA,NA,NA,745000000,14877000000,9053000000,NA,NA,4577000000,NA,NA,NA,NA,NA,1294000000,NA,NA,NA,3283000000,13630000000,28507000000,NA,27624000000,1000000,27623000000,NA,NA,-4750000000,143000000,23017000000,1448000000,24465000000,52972000000
GENERAL,Tesla,56317,TSLA,USD,US88160R1014,Q4,2020,2020-12-31,2021-02-08,TRUE,https://www.sec.gov/Archives/edgar/data/1318605/000095017022000796/0000950170-22-000796-index.htm,FALSE,TRUE,0,19384000000,19384000000,NA,1886000000,1886000000,NA,NA,4101000000,NA,NA,NA,NA,1346000000,1346000000,NA,NA,NA,NA,NA,NA,26717000000,12747000000,NA,NA,NA,NA,NA,NA,12684000000,313000000,207000000,NA,NA,NA,NA,NA,NA,NA,12164000000,25431000000,52148000000,9906000000,6051000000,NA,NA,3855000000,2132000000,NA,NA,2132000000,2210000000,1458000000,NA,NA,NA,752000000,14248000000,9556000000,NA,NA,4614000000,NA,NA,NA,NA,NA,1284000000,NA,NA,NA,3330000000,14170000000,28418000000,NA,27261000000,1000000,27260000000,NA,NA,-5399000000,363000000,22225000000,1505000000,23730000000,52148000000
GENERAL,Tesla,56317,TSLA,USD,US88160R1014,Q3,2020,2020-09-30,2020-10-26,TRUE,https://www.sec.gov/Archives/edgar/data/1318605/000156459020047486/0001564590-20-047486-index.htm,FALSE,TRUE,0,14531000000,14531000000,NA,1757000000,1757000000,NA,NA,4218000000,NA,NA,NA,NA,1238000000,1238000000,NA,NA,NA,NA,NA,NA,21744000000,11848000000,NA,NA,NA,NA,NA,NA,12099000000,318000000,203000000,NA,NA,NA,NA,NA,NA,NA,11578000000,23947000000,45691000000,8210000000,4958000000,NA,NA,3252000000,3126000000,NA,NA,3126000000,1966000000,1258000000,NA,NA,NA,708000000,13302000000,10559000000,NA,NA,4282000000,NA,NA,NA,NA,NA,1233000000,NA,NA,NA,3049000000,14841000000,28143000000,NA,21575000000,1000000,21574000000,NA,NA,-5669000000,125000000,16031000000,1517000000,17548000000,45691000000
GENERAL,Tesla,56317,TSLA,USD,US88160R1014,Q2,2020,2020-06-30,2020-07-28,TRUE,https://www.sec.gov/Archives/edgar/data/1318605/000156459020033670/0001564590-20-033670-index.htm,FALSE,TRUE,0,8615000000,8615000000,NA,1485000000,1485000000,NA,NA,4018000000,NA,NA,NA,NA,1218000000,1218000000,NA,NA,NA,NA,NA,NA,15336000000,11009000000,NA,NA,NA,NA,NA,NA,11790000000,312000000,196000000,NA,NA,NA,NA,NA,NA,NA,11282000000,22799000000,38135000000,6748000000,3638000000,NA,NA,3110000000,3679000000,NA,NA,3679000000,1843000000,1130000000,NA,NA,NA,713000000,12270000000,10416000000,NA,NA,4068000000,NA,NA,NA,NA,NA,1198000000,NA,NA,NA,2870000000,14484000000,26754000000,0,15895000000,0,15895000000,NA,NA,-6000000000,-40000000,9855000000,1526000000,11381000000,38135000000
GENERAL,Tesla,56317,TSLA,USD,US88160R1014,Q1,2020,2020-03-31,2020-04-30,TRUE,https://www.sec.gov/Archives/edgar/data/1318605/000156459020019931/0001564590-20-019931-index.htm,FALSE,TRUE,0,8080000000,8080000000,NA,1274000000,1274000000,NA,NA,4494000000,NA,NA,NA,NA,1045000000,1045000000,NA,NA,NA,NA,NA,NA,14893000000,10638000000,NA,NA,NA,NA,NA,NA,11719000000,323000000,193000000,NA,NA,NA,NA,NA,NA,NA,11203000000,22357000000,37250000000,6795000000,3970000000,NA,NA,2825000000,3217000000,NA,NA,3217000000,1974000000,1186000000,NA,NA,NA,788000000,11986000000,10666000000,NA,NA,3866000000,NA,NA,NA,NA,NA,1199000000,NA,NA,NA,2667000000,14532000000,26518000000,0,15390000000,0,15390000000,NA,NA,-6104000000,-113000000,9173000000,1559000000,10732000000,37250000000
GENERAL,Tesla,56317,TSLA,USD,US88160R1014,Q4,2019,2019-12-31,2020-02-13,TRUE,https://www.sec.gov/Archives/edgar/data/1318605/000156459021004599/0001564590-21-004599-index.htm,FALSE,TRUE,0,6268000000,6268000000,NA,1324000000,1324000000,NA,NA,3552000000,NA,NA,NA,NA,959000000,959000000,NA,NA,NA,NA,NA,NA,12103000000,10396000000,NA,NA,NA,NA,NA,NA,11810000000,339000000,198000000,NA,NA,NA,NA,NA,NA,NA,11273000000,22206000000,34309000000,6993000000,3771000000,NA,NA,3222000000,1785000000,NA,NA,1785000000,1889000000,1163000000,NA,NA,NA,726000000,10667000000,11634000000,NA,NA,3898000000,NA,NA,NA,NA,NA,1207000000,NA,NA,NA,2691000000,15532000000,26199000000,NA,12737000000,1000000,12736000000,NA,NA,-6083000000,-36000000,6618000000,1492000000,8110000000,34309000000
GENERAL,Tesla,56317,TSLA,USD,US88160R1014,Q3,2019,2019-09-30,2019-10-29,TRUE,https://www.sec.gov/Archives/edgar/data/1318605/000156459019038256/0001564590-19-038256-index.htm,FALSE,TRUE,0,5338000000,5338000000,NA,1128000000,1128000000,NA,NA,3581000000,NA,NA,NA,NA,893000000,660000000,NA,NA,NA,NA,NA,233000000,10940000000,10190000000,NA,NA,398000000,NA,NA,398000000,11267000000,351000000,186000000,NA,NA,NA,NA,NA,NA,NA,10730000000,21855000000,32795000000,5965000000,3468000000,NA,NA,2497000000,2030000000,NA,NA,2030000000,2151000000,1045000000,NA,NA,NA,1106000000,10146000000,11313000000,NA,NA,3854000000,NA,NA,NA,NA,NA,1140000000,NA,NA,NA,2714000000,15167000000,25313000000,0,12348000000,0,12348000000,NA,NA,-6188000000,-120000000,6040000000,1442000000,7482000000,32795000000
GENERAL,Tesla,56317,TSLA,USD,US88160R1014,Q2,2019,2019-06-30,2019-07-29,TRUE,https://www.sec.gov/Archives/edgar/data/1318605/000156459019026445/0001564590-19-026445-index.htm,FALSE,TRUE,0,4954740000,4954740000,NA,1147100000,1147100000,NA,NA,3382358000,NA,NA,NA,NA,697754000,569748000,NA,NA,NA,NA,NA,128006000,10181952000,10082458000,NA,NA,400308000,NA,NA,400308000,11207879000,327358000,153475000,NA,NA,NA,NA,NA,NA,NA,10727046000,21690645000,31872597000,5756530000,3133587000,NA,NA,2622943000,1791085000,NA,NA,1791085000,2041158000,883293000,NA,NA,NA,1157865000,9588773000,11234401000,NA,NA,3898962000,NA,NA,NA,NA,NA,1182042000,NA,NA,NA,2716920000,15133363000,24722136000,0,12052637000,179000,12052458000,NA,NA,-6331639000,-5605000,5715393000,1435068000,7150461000,31872597000
GENERAL,Tesla,56317,TSLA,USD,US88160R1014,Q1,2019,2019-03-31,2019-04-29,TRUE,https://www.sec.gov/Archives/edgar/data/1318605/000156459019013462/0001564590-19-013462-index.htm,FALSE,TRUE,0,2198169000,2198169000,NA,1046945000,1046945000,NA,NA,3836850000,NA,NA,NA,NA,595858000,464908000,NA,NA,NA,NA,NA,130950000,7677822000,9850929000,NA,NA,413181000,NA,NA,413181000,10970592000,273568000,74312000,NA,NA,NA,NA,NA,NA,NA,10622712000,21234702000,28912524000,5525778000,3248827000,NA,NA,2276951000,1705711000,NA,NA,1705711000,2011311000,762810000,NA,NA,NA,1248501000,9242800000,9787950000,NA,NA,3843868000,NA,NA,NA,NA,NA,1157343000,NA,NA,NA,2686525000,13631818000,22874618000,0,10563920000,174000,10563746000,NA,NA,-5923305000,-35019000,4605596000,1432310000,6037906000,28912524000
GENERAL,Tesla,56317,TSLA,USD,US88160R1014,Q4,2018,2018-12-31,2019-01-29,TRUE,https://www.sec.gov/Archives/edgar/data/1318605/000156459019013462/0001564590-19-013462-index.htm,FALSE,TRUE,0,3685618000,3685618000,NA,949022000,949022000,NA,NA,3113446000,NA,NA,NA,NA,558222000,365671000,NA,NA,NA,NA,NA,192551000,8306308000,11330077000,NA,NA,421548000,NA,NA,421548000,9681681000,282492000,68159000,NA,NA,NA,NA,NA,NA,NA,9331030000,21433306000,29739614000,5498704000,3404451000,NA,NA,2094253000,2567699000,NA,NA,2567699000,1925733000,630292000,NA,NA,NA,1295441000,9992136000,9403672000,NA,NA,4030202000,NA,NA,NA,NA,NA,990873000,NA,NA,NA,3039329000,13433874000,23426010000,0,10249293000,173000,10249120000,NA,NA,-5317832000,-8218000,4923243000,1390361000,6313604000,29739614000
GENERAL,Tesla,56317,TSLA,USD,US88160R1014,Q3,2018,2018-09-30,2018-11-02,TRUE,http://www.sec.gov/Archives/edgar/data/1318605/000156459018026353/0001564590-18-026353-index.htm,FALSE,TRUE,0,2967504000,2967504000,NA,1155001000,1155001000,NA,NA,3314127000,NA,NA,NA,NA,483859000,325232000,NA,NA,NA,NA,NA,158627000,7920491000,11246295000,NA,NA,422897000,NA,NA,422897000,9673030000,291476000,65226000,NA,NA,NA,NA,NA,NA,NA,9316328000,21342222000,29262713000,5587079000,3596984000,NA,NA,1990095000,2106538000,NA,NA,2106538000,2081707000,570920000,NA,NA,NA,1510787000,9775324000,9669979000,NA,NA,3961207000,NA,NA,NA,NA,NA,950126000,NA,NA,NA,3011081000,13631186000,23406510000,0,9957882000,171000,9957711000,NA,NA,-5457315000,8271000,4508838000,1347365000,5856203000,29262713000
GENERAL,Tesla,56317,TSLA,USD,US88160R1014,Q2,2018,2018-06-30,2018-08-06,TRUE,http://www.sec.gov/Archives/edgar/data/1318605/000156459018019254/0001564590-18-019254-index.htm,FALSE,TRUE,0,2236424000,2236424000,NA,569874000,569874000,NA,NA,3324643000,NA,NA,NA,NA,568856000,422034000,NA,NA,NA,NA,NA,146822000,6699797000,10969348000,NA,NA,434841000,NA,NA,434841000,9806014000,300406000,64284000,NA,NA,NA,NA,NA,NA,NA,9441324000,21210203000,27910000000,4845472000,3030493000,NA,NA,1814979000,2103185000,NA,NA,2103185000,2192705000,576321000,NA,NA,NA,1616384000,9141362000,9510796000,NA,NA,3988135000,NA,NA,NA,NA,NA,795820000,NA,NA,NA,3192315000,13498931000,22640293000,0,9656707000,170000,9656537000,NA,NA,-5768831000,18545000,3906421000,1363286000,5269707000,27910000000
GENERAL,Tesla,56317,TSLA,USD,US88160R1014,Q1,2018,2018-03-31,2018-05-07,TRUE,http://www.sec.gov/Archives/edgar/data/1318605/000156459018011086/0001564590-18-011086-index.htm,FALSE,TRUE,0,2665673000,2665673000,NA,652848000,652848000,NA,NA,2565826000,NA,NA,NA,NA,499573000,379379000,NA,NA,NA,NA,NA,120194000,6383920000,10519226000,NA,NA,449754000,NA,NA,449754000,9918529000,346428000,61284000,NA,NA,NA,NA,NA,NA,NA,9510817000,20887509000,27271429000,4501929000,2603498000,NA,NA,1898431000,1998030000,NA,NA,1998030000,2150400000,536465000,NA,NA,NA,1613935000,8650359000,8761170000,NA,NA,4136936000,NA,NA,NA,NA,NA,818250000,NA,NA,NA,3318686000,12898106000,21548465000,0,9419066000,170000,9418896000,NA,NA,-5051292000,82921000,4450695000,1272269000,5722964000,27271429000
GENERAL,Tesla,56317,TSLA,USD,US88160R1014,Q4,2017,2017-12-31,2018-02-19,TRUE,https://www.sec.gov/Archives/edgar/data/1318605/000156459019003165/0001564590-19-003165-index.htm,FALSE,TRUE,0,3367914000,3367914000,NA,515381000,515381000,NA,NA,2263537000,NA,NA,NA,NA,423688000,268365000,NA,NA,NA,NA,NA,155323000,6570520000,10027522000,NA,NA,456652000,NA,NA,456652000,11600678000,361502000,60237000,NA,NA,NA,NA,NA,NA,NA,11178939000,22084852000,28655372000,4121616000,2390250000,NA,NA,1731366000,896549000,NA,NA,896549000,2656505000,1015253000,NA,NA,NA,1641252000,7674670000,9418319000,NA,NA,5929991000,NA,NA,NA,NA,NA,1177799000,NA,NA,NA,4752192000,15348310000,23022980000,0,9178193000,169000,9178024000,NA,NA,-4974299000,33348000,4237242000,1395150000,5632392000,28655372000
GENERAL,Tesla,56317,TSLA,USD,US88160R1014,Q3,2017,2017-09-30,2017-11-03,TRUE,http://www.sec.gov/Archives/edgar/data/1318605/000156459017021343/0001564590-17-021343-index.htm,FALSE,TRUE,0,3530030000,3530030000,NA,607734000,607734000,NA,NA,2471382000,NA,NA,NA,NA,459587000,321406000,NA,NA,NA,NA,NA,138181000,7068733000,9394397000,NA,NA,463878000,NA,NA,463878000,11180066000,372238000,45236000,NA,NA,NA,NA,NA,NA,NA,10762592000,21038341000,28107074000,3863562000,2385778000,NA,NA,1477784000,424224000,NA,NA,424224000,2181154000,951734000,NA,NA,NA,1229420000,6468940000,9581716000,NA,NA,5875920000,NA,NA,NA,NA,NA,1082870000,NA,NA,NA,4793050000,15457636000,21926576000,0,8989190000,168000,8989022000,NA,NA,-4298960000,21250000,4711480000,1469018000,6180498000,28107074000
GENERAL,Tesla,56317,TSLA,USD,US88160R1014,Q2,2017,2017-06-30,2017-08-04,TRUE,http://www.sec.gov/Archives/edgar/data/1318605/000156459017015705/0001564590-17-015705-index.htm,FALSE,TRUE,0,3035924000,3035924000,NA,453539000,453539000,NA,NA,2438111000,NA,NA,NA,NA,431870000,313501000,NA,NA,NA,NA,NA,118369000,6359444000,8399229000,NA,NA,472663000,NA,NA,472663000,10812369000,380847000,43766000,NA,NA,NA,NA,NA,NA,NA,10387756000,19684261000,26043705000,3870060000,2359316000,NA,NA,1510744000,816533000,NA,NA,816533000,1859762000,913398000,NA,NA,NA,946364000,6546355000,7122962000,NA,NA,5788141000,NA,NA,NA,NA,NA,1035579000,NA,NA,NA,4752562000,12911103000,19457458000,0,8774375000,163000,8774212000,NA,NA,-3679584000,10961000,5105752000,1480495000,6586247000,26043705000
GENERAL,Tesla,56317,TSLA,USD,US88160R1014,Q1,2017,2017-03-31,2017-05-10,TRUE,http://www.sec.gov/Archives/edgar/data/1318605/000156459017009968/0001564590-17-009968-index.htm,FALSE,TRUE,0,4006593000,4006593000,NA,440349000,440349000,NA,NA,2220336000,NA,NA,NA,NA,360611000,271665000,NA,NA,NA,NA,NA,88946000,7027889000,7016551000,NA,NA,486350000,NA,NA,486350000,10522936000,388608000,40984000,NA,NA,NA,NA,NA,NA,NA,10093344000,18025837000,25053726000,3535700000,2075333000,NA,NA,1460367000,1003311000,NA,NA,1003311000,1706428000,841494000,NA,NA,NA,864934000,6245439000,7148516000,NA,NA,5480958000,NA,NA,NA,NA,NA,955078000,NA,NA,NA,4525880000,12629474000,18874913000,0,8351675000,161000,8351514000,NA,NA,-3343187000,-20769000,4987719000,1191094000,6178813000,25053726000
GENERAL,Tesla,56317,TSLA,USD,US88160R1014,Q4,2016,2016-12-31,2018-02-23,TRUE,http://www.sec.gov/Archives/edgar/data/1318605/000156459018002956/0001564590-18-002956-index.htm,FALSE,TRUE,0,3393216000,3393216000,NA,499142000,499142000,NA,NA,2067454000,NA,NA,NA,NA,299984000,194465000,NA,NA,NA,NA,NA,105519000,6259796000,5982957000,NA,NA,506302000,NA,NA,506302000,9915021000,376145000,NA,NA,NA,NA,NA,NA,NA,NA,9538876000,16404280000,22664076000,3070369000,1860341000,NA,NA,1210028000,1150147000,NA,NA,1150147000,1606489000,763126000,NA,NA,NA,843363000,5827005000,5959213000,NA,NA,4953662000,NA,NA,NA,NA,NA,851790000,NA,NA,NA,4101872000,10912875000,16739880000,0,7773888000,161000,7773727000,NA,NA,-2997237000,-23740000,4752911000,1171285000,5924196000,22664076000
GENERAL,Tesla,56317,TSLA,USD,US88160R1014,Q3,2016,2016-09-30,2016-11-02,TRUE,http://www.sec.gov/Archives/edgar/data/1318605/000156459016026820/0001564590-16-026820-index.htm,FALSE,TRUE,0,3084257000,3084257000,NA,326895000,326895000,NA,NA,1604571000,NA,NA,NA,NA,156689000,132978000,NA,NA,NA,NA,NA,23711000,5172412000,4309048000,NA,NA,NA,NA,NA,NA,3110937000,NA,NA,NA,NA,NA,NA,NA,NA,NA,3110937000,7419985000,12592397000,2301302000,1606284000,NA,NA,695018000,260771000,NA,NA,260771000,1520317000,625899000,NA,NA,NA,894418000,4082390000,2443420000,NA,NA,3374829000,NA,NA,NA,NA,NA,581202000,NA,NA,NA,2793627000,5818249000,9900639000,0,5531078000,150000,5530928000,NA,NA,-2875900000,25310000,2680488000,11270000,2691758000,12592397000
GENERAL,Tesla,56317,TSLA,USD,US88160R1014,Q2,2016,2016-06-30,2016-08-05,TRUE,http://www.sec.gov/Archives/edgar/data/1318605/000156459016023024/0001564590-16-023024-index.htm,FALSE,TRUE,0,3246301000,3246301000,NA,178594000,178594000,NA,NA,1609607000,NA,NA,NA,NA,169203000,144678000,NA,NA,NA,NA,NA,24525000,5203705000,3993250000,NA,NA,NA,NA,NA,NA,2671997000,NA,NA,NA,NA,NA,NA,NA,NA,NA,2671997000,6665247000,11868952000,1673090000,1114878000,NA,NA,558212000,626826000,NA,NA,626826000,1466488000,558816000,NA,NA,NA,907672000,3766404000,2620002000,NA,NA,2925106000,NA,NA,NA,NA,NA,533253000,NA,NA,NA,2391853000,5545108000,9311512000,0,5383879000,148000,5383731000,NA,NA,-2897778000,34193000,2520294000,37146000,2557440000,11868952000
GENERAL,Tesla,56317,TSLA,USD,US88160R1014,Q1,2016,2016-03-31,2016-05-10,TRUE,http://www.sec.gov/Archives/edgar/data/1318605/000156459016018886/0001564590-16-018886-index.htm,FALSE,TRUE,0,1441789000,1441789000,NA,318056000,318056000,NA,NA,1301961000,NA,NA,NA,NA,177737000,153757000,NA,NA,NA,NA,NA,23980000,3239543000,3593014000,NA,NA,NA,NA,NA,NA,2359145000,NA,NA,NA,NA,NA,NA,NA,NA,NA,2359145000,5952159000,9191702000,1452008000,1013486000,NA,NA,438522000,635285000,NA,NA,635285000,1100406000,516620000,NA,NA,NA,583786000,3187699000,2484329000,NA,NA,2506683000,NA,NA,NA,NA,NA,496997000,NA,NA,NA,2009686000,4991012000,8178711000,0,3561390000,134000,3561256000,NA,NA,-2604590000,13565000,970365000,42626000,1012991000,9191702000
